{
  "dataset_size": 200000,
  "train_size": 160000,
  "val_size": 20000,
  "test_size": 20000,
  "validation_best": {
    "threshold": 0.1,
    "accuracy": 0.869,
    "precision": 0.7954363490792634,
    "recall": 0.9935,
    "f1": 0.8835037794575367,
    "roc_auc": 0.9912491700000001
  },
  "test_metrics": {
    "accuracy": 0.8698,
    "precision": 0.795887341974716,
    "recall": 0.9947,
    "f1": 0.8842563783447418,
    "roc_auc": 0.9919349800000001,
    "threshold": 0.1
  },
  "classification_report": {
    "FAKE": {
      "precision": 0.795887341974716,
      "recall": 0.9947,
      "f1-score": 0.8842563783447418,
      "support": 10000.0
    },
    "REAL": {
      "precision": 0.9929352172753932,
      "recall": 0.7449,
      "f1-score": 0.8512170037709976,
      "support": 10000.0
    },
    "accuracy": 0.8698,
    "macro avg": {
      "precision": 0.8944112796250546,
      "recall": 0.8698,
      "f1-score": 0.8677366910578697,
      "support": 20000.0
    },
    "weighted avg": {
      "precision": 0.8944112796250545,
      "recall": 0.8698,
      "f1-score": 0.8677366910578698,
      "support": 20000.0
    }
  }
}